2019-11-03 23:57:46,"b'@LaiKH5 @maryhui For every 1 video of abusing the police, you can find 50 videos on protestors abuse. Key word here\xe2\x80\xa6 https://t.co/9IWoF3k4sR'",,
2019-11-03 23:55:30,b'Key Word MY',,
2019-11-03 23:54:22,"b'@DongAndChengOut @JoeBCFC_ Theres a key word in that essay, can you spot it?'",,
2019-11-03 23:53:54,"b'@starsmitten_ @LTDAForum Key word in this, \xe2\x80\x9cprobably\xe2\x80\x9d. I shit modern society. \xe2\x9c\x8a\xf0\x9f\x8f\xbc\xf0\x9f\x92\xa6\xf0\x9f\x92\xa6\xf0\x9f\x92\xa6'",,
2019-11-03 23:53:48,"b""RT @Aphistorical: @Venus_wa_Mars @Mars_Wa_Venus Key word..p'le who smile at you!\xf0\x9f\xa4\x97""",,
2019-11-03 23:51:57,b'@realDonaldTrump Majority is the key word and yes Donald we ARE as angry as hell that a trashy orange wannabe is ru\xe2\x80\xa6 https://t.co/jLDVuPbzDy',,
2019-11-03 23:50:50,b'RT @IronOrSteelBook: @CattyKoala Fabulous writing voice in this response to the offense. Words stream and sting in a dignified manner. I se\xe2\x80\xa6',,
2019-11-03 23:49:12,"b'each person in an individualized way. Key word: INFLUENCE. \n\nAstrology is a tool to know oneself deeper, to help us\xe2\x80\xa6 https://t.co/Bp51S9OJKE'",,
2019-11-03 23:47:58,"b'RT @syam131: The key word here is ""flexible dieting"".\nRoughly track your daily calorie intake. \nOn top of that: \n1. Workout 3-5days/week\n2.\xe2\x80\xa6'",,
2019-11-03 23:46:19,"b'@jandennis1955 For your convenience, our representatives are available Monday-Sunday from 8:00 AM to 11:45 PM EST.\xe2\x80\xa6 https://t.co/GYBdG1Vi4w'",,
2019-11-03 23:45:24,b'@kylegriffin1 @soledadobrien \xe2\x80\x9cFormer\xe2\x80\x9d is the key word.',,
2019-11-03 23:45:24,b'Key word *boyfriend* not husband',,
2019-11-03 23:44:11,b'@Education4Libs Punked out is the key word/words! Lol! I want to meet the man who is saving the world starting with\xe2\x80\xa6 https://t.co/cttk11fc3R',,
2019-11-03 23:44:04,b'\xe2\x80\x9cYou were the best thing that ever happened to me\xe2\x80\x9d yeah the key word is *were* so you can gtf',,
2019-11-03 23:40:00,b'@14_HK_ @K2likethat @rayoola3 but does it taste good? Good is the key word here',,
2019-11-03 23:39:40,b'@Raidernation775 Yeeeeeet key word. LFG!!',,
2019-11-03 23:38:48,b'Being calm is something that most of us want to achieve but are unsure how. This week take some time to focus on wh\xe2\x80\xa6 https://t.co/6qpInXq4pf',,
2019-11-03 23:37:21,b'@realDonaldTrump Majority being the key word dipshit',,
2019-11-03 23:36:55,"b'RT @ISU_Figure: \xf0\x9f\x8e\x99 Yuzuru Hanyu took a personal win in Skate Canada, and felt good about his skating. The key word in his interview was ""mor\xe2\x80\xa6'",,
2019-11-03 23:36:30,"b""The word \xe2\x80\x9cMensch\xe2\x80\x9d, in Yiddish, is \xe2\x80\x9csomeone to admire and emulate, someone of noble character. The key to being 'a r\xe2\x80\xa6 https://t.co/yog3NCANI1""",,
2019-11-03 23:34:30,b'@Jorduuh @Mako Almost being the key word \xf0\x9f\x98\xa4\xf0\x9f\x98\xa4',,
2019-11-03 23:34:22,b'@KamalaHarris You really have got to stop using the word unlock. I mean how many people did you throw in prison? Lo\xe2\x80\xa6 https://t.co/wmSxGs4urN',,
2019-11-03 23:33:29,b'RT @SDrizin: Go Huwe and Susan!  Huwe\xe2\x80\x99s second marathon since release and his first as an Exoneree!  @NorthwesternCWC Almost makes me want\xe2\x80\xa6',,
2019-11-03 23:31:39,b'@thehill \xe2\x80\x9cThink\xe2\x80\x9d is the key word there.',,
2019-11-03 23:28:46,"b'@MonocleMan1 @patrick_oshag Illinois has suffered so damn long..... used to live in Woodstock, key word, used to.'",,
2019-11-03 23:28:42,b'#GoPackGo\xf0\x9f\x99\x8f\xf0\x9f\x8f\xbcThis \xe2\x80\x9cBETTER\xe2\x80\x9d be a \xe2\x80\x9cMIRCLE\xe2\x80\x9d 4th quarter for us\xf0\x9f\x99\x8f\xf0\x9f\x8f\xbc key word is \xe2\x80\x9cMIRCLE\xe2\x80\x9d\xf0\x9f\x99\x8f\xf0\x9f\x8f\xbc\xf0\x9f\x99\x8f\xf0\x9f\x8f\xbc',,
2019-11-03 23:28:08,"b'@yahuda101 @Roadeyez Key word ""Alleges"".  When did you start caring about foreigners ""Mr. America First""?  \xf0\x9f\xa4\xa3\xf0\x9f\xa4\xa3\xf0\x9f\xa4\xa3\xf0\x9f\xa4\xa3\xf0\x9f\xa4\xa3\xf0\x9f\xa4\xa3\xe2\x80\xa6 https://t.co/iwiqnuYwRP'",,
2019-11-03 23:27:59,b'i\xe2\x80\x99m low-key high key h word BUT it\xe2\x80\x99s no nut november and i have a ton of work to do so peace xx',,
2019-11-03 23:27:13,b'\xe2\x80\x9cWell I hope you don\xe2\x80\x99t wear man skin....\xe2\x80\x9d\n\nThat was his attempt at a joke...key word \xe2\x80\x98attempt\xe2\x80\x99...he\xe2\x80\x99s not proud of\xe2\x80\xa6 https://t.co/TXH9DSPgVn',,
2019-11-03 23:26:57,b'@CattyKoala Fabulous writing voice in this response to the offense. Words stream and sting in a dignified manner. I\xe2\x80\xa6 https://t.co/DqxqqCxyMC',,
2019-11-03 23:26:54,"b'RT @siempreconcuba: Integration, Key Word at the Anti-Imperialist Meeting https://t.co/pWfRAH9E4Q https://t.co/0KsrmFkpuQ'",,
2019-11-03 23:25:54,b'@Sanguinarian1 @luna_miggy You can be clever and edgy but there is the key word clever. \n\nAlso thank Penny is so cu\xe2\x80\xa6 https://t.co/ZU9EY07KUI',,
2019-11-03 23:25:53,b'@MiahhNotMia @yugi_FTP used * to do black face on his channel . not saying it\xe2\x80\x99s right but key word USED to and has\xe2\x80\xa6 https://t.co/qr8vuLeArJ',,
2019-11-03 23:24:31,"b'@yahuda101 @Roadeyez key word ""Alleges"" .  aka Alternative Facts.'",,
2019-11-03 23:24:16,b'Consentual being the key word here. She was young I\xe2\x80\x99m guessing https://t.co/V2pvjfh555',,
2019-11-03 23:22:51,b'@EgreenComedy It takes two people. I hate the word trapped and it always is said against a woman and never a man. T\xe2\x80\xa6 https://t.co/PMCTQDE1oH',,
2019-11-03 23:21:57,"b'I still can\xe2\x80\x99t believe that after 3+ years, bitches still can\xe2\x80\x99t let go of the fact that I used to draw Septiplier!!\xe2\x80\xa6 https://t.co/4a897VjHWf'",,
2019-11-03 23:20:58,"b""@Venus_wa_Mars @Mars_Wa_Venus Key word..p'le who smile at you!\xf0\x9f\xa4\x97""",,
2019-11-03 23:20:06,"b""RT @JackCouchProhet: @Eldermld1 It's what Jesus says not well we believe it's what Jesus says that we believe he knows our heart he knows o\xe2\x80\xa6""",,
2019-11-03 23:20:02,"b""@Eldermld1 It's what Jesus says not well we believe it's what Jesus says that we believe he knows our heart he know\xe2\x80\xa6 https://t.co/LHP7oPUnxd""","Place(_api=<tweepy.api.API object at 0x1184a9470>, id='5d0d947a314356b7', url='https://api.twitter.com/1.1/geo/id/5d0d947a314356b7.json', place_type='city', name='Waterford', full_name='Waterford, MI', country_code='US', country='United States', contained_within=[], bounding_box=BoundingBox(_api=<tweepy.api.API object at 0x1184a9470>, type='Polygon', coordinates=[[[-83.44622, 42.611619], [-83.325405, 42.611619], [-83.325405, 42.705913], [-83.44622, 42.705913]]]), attributes={})",
2019-11-03 23:16:59,"b""RT @DennisRenner5: @Thomas1774Paine The key word here that will have everyone setting up and hanging on every word what's his name says is\xe2\x80\xa6""",,
2019-11-03 23:13:50,b'@LavenderLady0 @oneredsoprano Key Word:   ALL',,
2019-11-03 23:12:54,b'@TimOBrien Key word: \xe2\x80\x9csome\xe2\x80\x9d how may equate to \xe2\x80\x9csome\xe2\x80\x9d a few? Oh and because UFC Dana White supports Trump it\xe2\x80\x99s blood\xe2\x80\xa6 https://t.co/VjaEvNsw8i',"Place(_api=<tweepy.api.API object at 0x1184a9470>, id='5b0b1baf24cf0a6a', url='https://api.twitter.com/1.1/geo/id/5b0b1baf24cf0a6a.json', place_type='city', name='Tinley Park', full_name='Tinley Park, IL', country_code='US', country='United States', contained_within=[], bounding_box=BoundingBox(_api=<tweepy.api.API object at 0x1184a9470>, type='Polygon', coordinates=[[[-87.853527, 41.5278885], [-87.742767, 41.5278885], [-87.742767, 41.604053], [-87.853527, 41.604053]]]), attributes={})",
2019-11-03 23:10:55,b'@realDonaldTrump Key word.  \xe2\x80\x9cMajority\xe2\x80\x9d',,
2019-11-03 23:10:33,b'RT @_jaylean: I hope we all get the things we deserve out of life.\n\nKey word: deserve.\nHope you were a good person.',,
2019-11-03 23:10:02,"b""RT @mala_faka_flame: And bruh I ain't nowhere near perfect I'm barely movin I definitely don't have it....YET lol but the key word is a ngg\xe2\x80\xa6""",,
2019-11-03 23:08:58,"b""@realDonaldTrump Innocent people wouldn't be worried...innocent being the key word... https://t.co/unN8KrIkjJ""",,
2019-11-03 23:07:23,"b'RT @doreen_rabi: The key word here is \xe2\x80\x9celegant\xe2\x80\x9d.  Unhurried medicine = relationship building, trust, thoughtful care. Which in turn=quality\xe2\x80\xa6'",,
2019-11-03 23:06:59,"b""I'm making another account that i might use more mainly than this one (key word: MIGHT) but here are some select fe\xe2\x80\xa6 https://t.co/foTgoy3mIL""",,
2019-11-03 23:06:42,b'@Tito506 Key word .....were',,
2019-11-03 23:06:36,"b'@GavinNewsom Key word to your unfound logic ... ""Believe"".   CC is a belief system, not scientific.'",,
2019-11-03 23:06:30,"b'@YusukeKitsune ""Key word yet~"" he teases and pecks his cheek'",,
2019-11-03 23:01:23,"b'@LukanderSanna Key word, ""fun learning""! Love this.'",,
2019-11-03 22:59:58,b'RT @Sabri_gues: Guys we need a key word to make it trend in the plataforms (Nave;r and Nat;e) which his name is the last in the top(10) so\xe2\x80\xa6',,
2019-11-03 22:58:04,b'RT @ImSo_Petty: Now a days girl code doesn\xe2\x80\x99t even exist to some of these hoes key word \xe2\x80\x9choes\xe2\x80\x9d',,
2019-11-03 22:57:46,b'key word imagine https://t.co/cRg2ZwRBH1',,
2019-11-03 22:54:29,b'@jenelaina perhaps a key word in your pinned tweet pertaining to ongoing ME etal kinetics &amp; municipal associations -ls',,
2019-11-03 22:53:45,b'RT @_jaylean: I hope we all get the things we deserve out of life.\n\nKey word: deserve.\nHope you were a good person.',,
2019-11-03 22:51:10,"b'RT @doreen_rabi: The key word here is \xe2\x80\x9celegant\xe2\x80\x9d.  Unhurried medicine = relationship building, trust, thoughtful care. Which in turn=quality\xe2\x80\xa6'",,
2019-11-03 22:50:30,b'@DervishOfWhirl Key word: most.',,
2019-11-03 22:48:18,"b'@Bhaal_Spawn The Key turns, and She eases the First Book open judiciously. \xe2\x80\x9cIn principio creavit Deus c\xc3\xa6lum et infe\xe2\x80\xa6 https://t.co/TR2GLWMJ2u'",,
2019-11-03 22:48:02,b'Great to have switched on the radio &amp; hear @DrJenGunter talking on @checkupcbc about #pseudoscience and\xe2\x80\xa6 https://t.co/7Fyzz8Lrrk',,
2019-11-03 22:47:15,"b'RT @doreen_rabi: The key word here is \xe2\x80\x9celegant\xe2\x80\x9d.  Unhurried medicine = relationship building, trust, thoughtful care. Which in turn=quality\xe2\x80\xa6'",,
2019-11-03 22:46:38,"b'RT @NBA: So, @Shakira & @The_Real_Shaq almost became ""Shaqira"" on Sunday Night, as shown here: http://bit.ly/Shaqira (Key Word: Almost)'",,
2019-11-03 22:44:55,"b""@GavinNewsom Key word is 'believe'. It is a religious cult.""",,
2019-11-03 22:44:50,"b'RT @keyclub_nhhs: Monday is the first day of #keyclubweek, show your K to the word by wearing Key Club gear or by wearing Key Club colors b\xe2\x80\xa6'",,
2019-11-03 22:44:25,"b'Monday is the first day of #keyclubweek, show your K to the word by wearing Key Club gear or by wearing Key Club co\xe2\x80\xa6 https://t.co/TYxdYgqgqs'",,
2019-11-03 22:42:54,"b'I am a delicate desert flower and I need like a personal greenhouse, only not humid cause \xe2\x80\x9cdesert,\xe2\x80\x9d it turns out, is a key word there.'",,
2019-11-03 22:42:32,b'@3aoutofnowhere Maybe is the key word ahah',,
2019-11-03 22:42:17,"b""@Thomas1774Paine The key word here that will have everyone setting up and hanging on every word what's his name say\xe2\x80\xa6 https://t.co/VUyeaj24LX""",,
2019-11-03 22:38:58,b'RT @GillianLazarus: I think most of the contributors here are American but the admins are British: Marino Robles (UK Labour) &amp; Rita Allison\xe2\x80\xa6',,
2019-11-03 22:38:29,b'RT @killaaav: Key word: budgeting. Trick yourself into thinking you\xe2\x80\x99re broke. Open a bank account just for savings and set up direct deposi\xe2\x80\xa6',,
2019-11-03 22:38:15,b'@OnceDoDo I\xe2\x80\x99ll go by key word hopefully',,
2019-11-03 22:38:04,b'@myskzluv @Potterhead6734 @mqrkklee @tinyjoongz @Day6Ahgase key word: YET',,
2019-11-03 22:37:37,b'@gtconway3d Key word: sensible. See reply today:\n\nhttps://t.co/NpbPSmhjew',,
2019-11-03 22:35:56,"b'@FilmHistoryPic Key word here is Written, musicians these days can never reach this level of ability'",,
2019-11-03 22:35:42,b'@MalenaM @Marvel 1) She can absorb humans / mutants persona and powers at will if she is in the right mental state.\xe2\x80\xa6 https://t.co/UmDqcBNZ1f',,
2019-11-03 22:35:40,b'Key word #Knowingly https://t.co/Nd4P7jHbcF',,
2019-11-03 22:35:21,b'@realDonaldTrump Key word is Majority. You are the #socalledpresident',,
2019-11-03 22:34:30,b'@sheaveno Nearly being the key word',,
2019-11-03 22:33:48,b'@FrancynePace \xe2\x80\x9cPatience\xe2\x80\x9d is the key word HAHAHA',,
2019-11-03 22:32:50,b'RT @ImSo_Petty: Now a days girl code doesn\xe2\x80\x99t even exist to some of these hoes key word \xe2\x80\x9choes\xe2\x80\x9d',,
2019-11-03 22:32:23,b'RT @_jaylean: I hope we all get the things we deserve out of life.\n\nKey word: deserve.\nHope you were a good person.',,
2019-11-03 22:30:43,"b""@dannyoneil Trying key word!!! Can't make them either!!!""",,
2019-11-03 22:29:38,"b'@ThatOtherDrake \xe2\x80\x9cYet"" the key word'",,
2019-11-03 22:28:40,b'PIETRAPIERCE STORY: THE KEY WORD IN THE HISTORY OF PIETRAPERZIA https://t.co/K9iXoLrOoK',,
2019-11-03 22:28:37,"b""@LBreezy904 @LexBunny Key word it's more than the QB.... This is what the Mariota STANS as some have called me and\xe2\x80\xa6 https://t.co/1bTvytYFxT""",,
2019-11-03 22:27:56,"b'RT @raypjrone: @MadisonSedona @SexistTrash @tvill_chris @realDonaldTrump ""Dependent"" is the key word'",,
2019-11-03 22:26:01,b'key word: right https://t.co/qOq2ri3LZy',,
2019-11-03 22:25:48,b'RT @_jaylean: I hope we all get the things we deserve out of life.\n\nKey word: deserve.\nHope you were a good person.',,
2019-11-03 22:24:45,"b'@realDonaldTrump YUP! KEY WORD:  MAJORITY \n\nTHAT\xe2\x80\x99S NOT YOUR BASE, BOY-O.'",,
2019-11-03 22:23:16,b'@411wrestling Key word...**Now**',,
2019-11-03 22:21:25,b'@jmhx224 @HYPEX Key word perma',,
2019-11-03 22:18:57,"b""@TeeExTee There's a key word here only one person has ever taken into consideration https://t.co/4QxvDCmZjm""",,
2019-11-03 22:16:57,"b'RT @MaryCla90044582: O. M. G.  Key word in the opening ""batGirl""  ..\nDemocrats are insane.. https://t.co/bvCO44ZmOb'",,
2019-11-03 22:16:18,b'RT @LukeTaylorUSA: @kdlewis04 @Dogturd9 @Averty_J @Tinktweets45 @TexasWhiteHats @alley167 @SantaSurfing @Johnheretohelp @Tennesseeboy86 @sx\xe2\x80\xa6',,
2019-11-03 22:16:03,b'@JetsOpinion key word: sub section',,
2019-11-03 22:15:45,"b'RT @doreen_rabi: The key word here is \xe2\x80\x9celegant\xe2\x80\x9d.  Unhurried medicine = relationship building, trust, thoughtful care. Which in turn=quality\xe2\x80\xa6'",,
2019-11-03 22:15:41,b'@SJimons @roblwilson @BorisJohnson Key word here is reported. The true number likely to be much higher.',,
2019-11-03 22:15:29,b'@wisemonkeysblog @David16982612 @Tarankparmar @CityofVancouver @punjabimarket @DonaldShoup Privilege is the key wor\xe2\x80\xa6 https://t.co/WEHXDz6JSR',,
2019-11-03 22:14:36,b'@mathaiaus My mum who lived in the Netherlands for a while when she was a kid likes to remind me that the Dutch wor\xe2\x80\xa6 https://t.co/g96xWuGEnY',,
2019-11-03 22:13:54,"b""@GK_Benno @FreddieBailey96 I'd rather hope (hope being the key word here) for a fairer society than be a tory with\xe2\x80\xa6 https://t.co/oEuzmq4IYS""","Place(_api=<tweepy.api.API object at 0x1184a9470>, id='0cbfb5dccb8131b8', url='https://api.twitter.com/1.1/geo/id/0cbfb5dccb8131b8.json', place_type='admin', name='North West', full_name='North West, England', country_code='GB', country='United Kingdom', contained_within=[], bounding_box=BoundingBox(_api=<tweepy.api.API object at 0x1184a9470>, type='Polygon', coordinates=[[[-3.64063699761414, 52.9471313094526], [-1.90962598338825, 52.9471313094526], [-1.90962598338825, 55.1888787527094], [-3.64063699761414, 55.1888787527094]]]), attributes={})",
2019-11-03 22:13:30,"b'#RT @UJCuba: #RT @siempreconcuba: Integration, Key Word at the Anti-Imperialist Meeting https://t.co/OEwNc7aevx https://t.co/ysVnhXfMeR'",,
2019-11-03 22:11:50,b'Key word: Former https://t.co/BurDQV7Dq2',,
2019-11-03 22:11:45,b'@realDonaldTrump Key word: majority.',,
2019-11-03 22:11:30,"b'when she passed away people were like \xe2\x80\x9cwe need to treat idols like humans, mental health is key, don\xe2\x80\x99t bully idols.\xe2\x80\xa6 https://t.co/dQ3kDfkhfI'",,
2019-11-03 22:09:43,"b'@ndulewe @babtgbegi In my original statement I said man United was Bigger, Key word. Was. I think that answers your question.'",,
2019-11-03 22:08:19,b'RT @JamieLloydCo: \xe2\x8f\xb1 First \xc2\xa315 ticket release for #CyranoWestEnd starring James McAvoy is at MIDDAY TOMORROW (Monday)\n\n\xf0\x9f\x8e\x9f Bookable only via h\xe2\x80\xa6',,
2019-11-03 22:08:01,"b'@steveouttrim @BerryDivine77 \xe2\x80\x9cGrade school students\xe2\x80\x9d is most definitely, the key word. Everything \xe2\x80\x9cthey\xe2\x80\x9d do for kids is scary and evil.'",,
2019-11-03 22:07:26,b'RT @ImSo_Petty: Now a days girl code doesn\xe2\x80\x99t even exist to some of these hoes key word \xe2\x80\x9choes\xe2\x80\x9d',,
2019-11-03 22:06:27,"b'The word around town\xe2\x80\xa6\nIn a fast-paced market, choosing the right broker is key. Here are a few words from our clien\xe2\x80\xa6 https://t.co/w663HkJw8T'",,
2019-11-03 22:05:30,b'@Ravens525520575 Yes key word is *if* we win. If we lose it\xe2\x80\x99s also only a game lead. I\xe2\x80\x99m not rly worried ab the Ste\xe2\x80\xa6 https://t.co/eZ0lsJhk7o',,
2019-11-03 22:05:18,"b'@Temo100888 @IlhanMN @BernieSanders The key word is politician, President Trump is not one, hence cleaning the swamp'",,
2019-11-03 22:04:29,b'Search key word from published Post 2019-11-03 22:04:23',,
2019-11-03 22:04:29,b'It\xe2\x80\x99s one key word that is having me PUZZLED about this. https://t.co/YmHIvBDWji',,
2019-11-03 22:04:26,b'@mikekatz @izzyjengalenga @hopenothate Allegations. That\xe2\x80\x99s the key word there: allegations. https://t.co/Ia9LHrFahq',,
2019-11-03 22:04:02,b'@OrigTeslasMuse @NewsBreaking Key word: was*',,
2019-11-03 22:02:47,b'Now a days girl code doesn\xe2\x80\x99t even exist to some of these hoes key word \xe2\x80\x9choes\xe2\x80\x9d',"Place(_api=<tweepy.api.API object at 0x1184a9470>, id='55b4f9e5c516e0b6', url='https://api.twitter.com/1.1/geo/id/55b4f9e5c516e0b6.json', place_type='city', name='Orlando', full_name='Orlando, FL', country_code='US', country='United States', contained_within=[], bounding_box=BoundingBox(_api=<tweepy.api.API object at 0x1184a9470>, type='Polygon', coordinates=[[[-81.507905, 28.3882177], [-81.2276403, 28.3882177], [-81.2276403, 28.615139], [-81.507905, 28.615139]]]), attributes={})",
2019-11-03 22:01:59,"b'@JoelOsteen not to. I fear God. When He says: talk, i talk. When He says: its enough, i stop. When He says: you are\xe2\x80\xa6 https://t.co/26QkIqyCtg'","Place(_api=<tweepy.api.API object at 0x1184a9470>, id='01d67bc136273244', url='https://api.twitter.com/1.1/geo/id/01d67bc136273244.json', place_type='admin', name='Mashonaland West', full_name='Mashonaland West, Zimbabwe', country_code='ZW', country='Zimbabwe', contained_within=[], bounding_box=BoundingBox(_api=<tweepy.api.API object at 0x1184a9470>, type='Polygon', coordinates=[[[28.0272089, -18.9055702], [30.9743633, -18.9055702], [30.9743633, -15.6093431], [28.0272089, -15.6093431]]]), attributes={})",
2019-11-03 21:59:08,"b'@realDonaldTrump @SuperPowersT Yep , majority is the key word here.'",,
2019-11-03 21:57:56,"b'RT @doreen_rabi: The key word here is \xe2\x80\x9celegant\xe2\x80\x9d.  Unhurried medicine = relationship building, trust, thoughtful care. Which in turn=quality\xe2\x80\xa6'",,
2019-11-03 21:57:45,b'@rebelcoups key word \xe2\x80\x9cdream\xe2\x80\x9d \xf0\x9f\x98\x94',,
2019-11-03 21:57:44,b'@Eedwardsellis @Deoliver47 The key is the word \xe2\x80\x98older\xe2\x80\x99.  They know those old school southern back Christians ain\xe2\x80\x99t\xe2\x80\xa6 https://t.co/IGSyRg4Sxn',,
2019-11-03 21:57:35,b'@jedshug @gtconway3d The key word is \xe2\x80\x9ccultish\xe2\x80\x9d.  You\xe2\x80\x99re welcome.',,
2019-11-03 21:57:08,b'@KellyO Key word: \n\nTHREATENS',,
2019-11-03 21:56:50,"b'@JennCuomoESOL ""Extensively"" is the key word.'",,
2019-11-03 21:56:24,"b'RT @raypjrone: @MadisonSedona @SexistTrash @tvill_chris @realDonaldTrump ""Dependent"" is the key word'",,
2019-11-03 21:56:09,b'Whoever thought of those cheese grater hats is a fucking evil genius. Evil being the key word. #GoPackGo',,
2019-11-03 21:56:00,b'key word \xe2\x80\x9cmore\xe2\x80\x9d. can\xe2\x80\x99t believe people are arguing over this. thank you bishop \xe2\x9d\xa4\xef\xb8\x8f https://t.co/tiaQK6Lqzu',,
2019-11-03 21:55:36,b'RT @_jaylean: I hope we all get the things we deserve out of life.\n\nKey word: deserve.\nHope you were a good person.',,
2019-11-03 21:55:29,b'@TulsiGabbard The key word of this article is \xe2\x80\x9cif\xe2\x80\x9d. IF Trump takes over.... You are talking about it as if it has o\xe2\x80\xa6 https://t.co/LkFvIFRTA0',,
2019-11-03 21:54:49,"b'@mschlapp @newsbusters Former is key word... Never Trumper, member of the Swamp'",,
2019-11-03 21:54:39,"b'@Jacob_Schu_24 @masoncarswell12 ""Similar"" key word, plus Sanu And Sanders are way better than Grant you can\'t be co\xe2\x80\xa6 https://t.co/MxNpXdOkib'",,
2019-11-03 21:53:20,b'RT @ryleydavison: gay people literally get a whole month and veterans get one fucking day. and it\xe2\x80\x99s still tried to be made about sexuality.\xe2\x80\xa6',,
2019-11-03 21:53:14,b'I hope we all get the things we deserve out of life.\n\nKey word: deserve.\nHope you were a good person.',,
2019-11-03 21:52:32,"b'RT @doreen_rabi: The key word here is \xe2\x80\x9celegant\xe2\x80\x9d.  Unhurried medicine = relationship building, trust, thoughtful care. Which in turn=quality\xe2\x80\xa6'",,
2019-11-03 21:51:18,"b'RT @siempreconcuba: Integration, Key Word at the Anti-Imperialist Meeting https://t.co/pWfRAH9E4Q https://t.co/0KsrmFkpuQ'",,
2019-11-03 21:51:17,b'@BJackson82 Thank you Brandi. \xf0\x9f\x99\x8f\xf0\x9f\x8f\xbe  The key word is research. Learn about this case to see why this is such a travesty!  This breaks my heart.',,
2019-11-03 21:50:52,b'@Jimboon I wouldn\xe2\x80\x99t even acknowledge it mate! I can honestly say I\xe2\x80\x99ve never had a bad meal at your place always 10/\xe2\x80\xa6 https://t.co/2xfIHskDvO',,
2019-11-03 21:50:41,b'@paIosverdes hmm there\xe2\x80\x99s a key word in that sentence sweetie. WAS. sure. she said/did racist things. you really gon\xe2\x80\xa6 https://t.co/P9nlwFmp59',,
2019-11-03 21:50:19,b'@molisher55 @DineshDSouza @CNN @nytimes Owned is the key word! You are right!',,
2019-11-03 21:49:41,b'My bf would definitely disagree with that last retweet but the key word there is \xe2\x80\x9cpurposely\xe2\x80\x9d \xf0\x9f\x98\x82\xf0\x9f\x98\x82\xf0\x9f\x98\x82',,
2019-11-03 21:49:39,"b'@realDonaldTrump The key word is ""majority"".  Suck on that.'",,
2019-11-03 21:49:28,b'@Dvwnhun @Jailinecc1 @SONNY8210 Man the N word is for minorities he good',,
2019-11-03 21:49:06,"b'@charliekirk11 The first time I saw Vindman\xe2\x80\x99s picture, the first word that came to mind was \xe2\x80\x9cweasel.\xe2\x80\x9d The military\xe2\x80\xa6 https://t.co/Wp6G7EP8ew'",,
2019-11-03 21:48:38,"b""@playygrl Key word including. Clearly says not including which I get the idea she didn't say shit till the last min\xe2\x80\xa6 https://t.co/dseCO5v6Eo""",,
2019-11-03 21:46:18,"b'@MadisonSedona @SexistTrash @tvill_chris @realDonaldTrump ""Dependent"" is the key word'",,
2019-11-03 21:44:45,b'@JoeBiden Key word: WE\n\nnot you.',,
2019-11-03 21:44:31,b'RT @GillianLazarus: I think most of the contributors here are American but the admins are British: Marino Robles (UK Labour) &amp; Rita Allison\xe2\x80\xa6',,
2019-11-03 21:43:22,b'Samsung Australia Do You Answer Your Phones 22 minute wait Then Hang Up .:; The Word For today is Respect\nPS: Respe\xe2\x80\xa6 https://t.co/nKVYUFPj2a',,
2019-11-03 21:42:58,b'@MusicLikeRain14 @ChickNorris55 Were there\xe2\x80\x99s the key word. Been blocked but don\xe2\x80\x99t care. Don\xe2\x80\x99t need them. I\xe2\x80\x99m my own\xe2\x80\xa6 https://t.co/G8545MhWk4',,
2019-11-03 21:42:49,"b""We're looking for B2 students to test our new app English Master Key Word Transformation https://t.co/m69mA5HUuX\xe2\x80\xa6 https://t.co/QrVy2cy9Bk""",,
2019-11-03 21:42:27,b'RT @JamieLloydCo: \xe2\x8f\xb1 First \xc2\xa315 ticket release for #CyranoWestEnd starring James McAvoy is at MIDDAY TOMORROW (Monday)\n\n\xf0\x9f\x8e\x9f Bookable only via h\xe2\x80\xa6',,
2019-11-03 21:41:34,b'@Haleaziz Temporarily is the key word.',,
2019-11-03 21:40:57,b'@kdlewis04 @Dogturd9 @Averty_J @Tinktweets45 @TexasWhiteHats @alley167 @SantaSurfing @Johnheretohelp\xe2\x80\xa6 https://t.co/qyNlcjfy8S',,
2019-11-03 21:39:43,b'@lifesseesaw @lovelyjoonjk @not_bangtan @namgiXD I literally said that \xe2\x80\x9dsome stuff are used only for aesthetics and\xe2\x80\xa6 https://t.co/KWvVP5f6N6',,
2019-11-03 21:39:17,b'@TDF4LIFE30 The word naturally after the word submit implies she will want to under the outlined circumstances. Hen\xe2\x80\xa6 https://t.co/TkFXE0y1YX',,
2019-11-03 21:38:25,"b'RT @siempreconcuba: Integration, Key Word at the Anti-Imperialist Meeting https://t.co/pWfRAH9E4Q https://t.co/0KsrmFkpuQ'",,
2019-11-03 21:36:43,"b'@Vikings ""Made some good throws"" , ""some"" being the key word there.'",,
2019-11-03 21:36:21,"b'RT @doreen_rabi: The key word here is \xe2\x80\x9celegant\xe2\x80\x9d.  Unhurried medicine = relationship building, trust, thoughtful care. Which in turn=quality\xe2\x80\xa6'",,
2019-11-03 21:34:24,"b'RT @doreen_rabi: The key word here is \xe2\x80\x9celegant\xe2\x80\x9d.  Unhurried medicine = relationship building, trust, thoughtful care. Which in turn=quality\xe2\x80\xa6'",,
2019-11-03 21:33:46,"b'The key word here is \xe2\x80\x9celegant\xe2\x80\x9d.  Unhurried medicine = relationship building, trust, thoughtful care. Which in turn=\xe2\x80\xa6 https://t.co/cFSDPT316d'",,
2019-11-03 21:33:26,b'@cactusjoe333 @paulguru4 @tancredipalmeri America has a racist leader\xf0\x9f\xa4\xb7\xf0\x9f\x8f\xbe\xe2\x80\x8d\xe2\x99\x82\xef\xb8\x8f just as bad maybe worse cause Americans\xe2\x80\xa6 https://t.co/QTizoB3mot',,
2019-11-03 21:32:46,"b""@RobotRiny @NicoleOnyxheart @Gay__Omens @TessaAkkoKin Oh, it's propaganda? Look, you don't have to 'believe' in the\xe2\x80\xa6 https://t.co/cOFd1xNixF""",,
2019-11-03 21:29:13,b'Durability&gt; The key word to describe the Carolina Skiff 20 JVK CC! https://t.co/hdQIArJSMi',,
2019-11-03 21:27:57,"b'I realize it\xe2\x80\x99s a bit of a long shot still, but if we can finish 6-6 this year we might able to build some real mome\xe2\x80\xa6 https://t.co/xFK7Tp2Dks'",,
2019-11-03 21:27:50,"b""@RoubLisa @laurabusse @nea_storm @wickedmouse369 @Keith369me Redundant question I suppose. I assume it's already th\xe2\x80\xa6 https://t.co/lAMWuybVou""",,
2019-11-03 21:27:27,"b'RT @UJCuba: #RT @siempreconcuba: Integration, Key Word at the Anti-Imperialist Meeting https://t.co/qFgis8TVI3 https://t.co/LVvWVhMHKU'",,
2019-11-03 21:27:02,"b""Thank you to the @DareRising members they're all very supportive of grinders and make it known that they see you gr\xe2\x80\xa6 https://t.co/TktWoDWpic""",,
2019-11-03 21:26:35,b'@EpicGamer2599 @sirinenorge @NateDiaz209 Key word \xe2\x80\x9calmost\xe2\x80\x9d. Jorge got out of it pretty easily and was literally toy\xe2\x80\xa6 https://t.co/1igchblB0g',,
2019-11-03 21:26:19,b'Left out a key word ..think...',,
2019-11-03 21:25:42,"b'i hate being left on read, so i\xe2\x80\x99m going to do better and try to respond to everybody from now on \xf0\x9f\xa5\xb4 key word: try'",,
2019-11-03 21:25:15,b'RT @nagent25: @bascott2010 Jimbo. Big game was the key word.',,
2019-11-03 21:23:10,b'@ChrisNano10 Should - key word should - be an interesting offseason. Bears should trade away Burton... cut Shaheen.\xe2\x80\xa6 https://t.co/fAtM9oP5XV',,
2019-11-03 21:23:00,b'@MangaFox @Paraclete__ @kd_stephens14 But the key word there is generally your not every guy and don\xe2\x80\x99t know how he felt',,
2019-11-03 21:22:50,"b'RT @ISU_Figure: \xf0\x9f\x8e\x99 Yuzuru Hanyu took a personal win in Skate Canada, and felt good about his skating. The key word in his interview was ""mor\xe2\x80\xa6'",,
2019-11-03 21:21:20,b'@_chelscampbell @laurentraceyyy @amemcevoy1 boys being the key word there \xf0\x9f\xa4\xa2\xf0\x9f\xa4\xa2',,
2019-11-03 21:20:41,b'@diablo442 the key word in my original tweet is opinion',,
2019-11-03 21:19:44,"b""Key word: MAJORITY. In terms of the last election and the next one, you'd think he'd get a CLUE. https://t.co/iioumt1pR3""",,
2019-11-03 21:19:00,b'RT @RobertsLiardon: The renewing of your mind through the word of God is the key to keeping your deliverance!',,
2019-11-03 21:18:05,b'@batinacave @brhodes Key word here? Should.',,
2019-11-03 21:17:50,b'RT @myeonie_honey: Crazy Is My Middle Name \n\nHe has the best story. Journalist Baekhyun was about to make headlines. Key word was because h\xe2\x80\xa6',,
2019-11-03 21:17:11,"b'@Reformed_Yuppie \xe2\x80\x9cTheoretically should fix\xe2\x80\x9d is definitely key. It certainly helps, but it\xe2\x80\x99s not a \xe2\x80\x9cfix\xe2\x80\x9d in the norm\xe2\x80\xa6 https://t.co/9MS55LQp6f'",,
2019-11-03 21:16:59,"b'@niteowlmom3 @xcaliburrnity @gmh8899 @NYTNational @Fahrenthold Nicole, the key word is ""forest"" and that, in this case, means Federal Lands.'",,
2019-11-03 21:16:26,b'RT @JamieLloydCo: \xe2\x8f\xb1 First \xc2\xa315 ticket release for #CyranoWestEnd starring James McAvoy is at MIDDAY TOMORROW (Monday)\n\n\xf0\x9f\x8e\x9f Bookable only via h\xe2\x80\xa6',,
2019-11-03 21:16:23,b'RT @Sabri_gues: Guys we need a key word to make it trend in the plataforms (Nave;r and Nat;e) which his name is the last in the top(10) so\xe2\x80\xa6',,
2019-11-03 21:16:14,b'@realDonaldTrump Key word is MAJORITY...which you and your ilk are not in.',,
2019-11-03 21:16:13,b'@jbensim key word almost',,
2019-11-03 21:15:41,b'@bascott2010 Jimbo. Big game was the key word.',,
2019-11-03 21:13:53,b'RT @JamieLloydCo: \xe2\x8f\xb1 First \xc2\xa315 ticket release for #CyranoWestEnd starring James McAvoy is at MIDDAY TOMORROW (Monday)\n\n\xf0\x9f\x8e\x9f Bookable only via h\xe2\x80\xa6',,
2019-11-03 21:13:21,b'@Lee_in_Iowa @RobAnderson2018 Choice is the key word.  I have better insurance now as a disabled federal retiree on\xe2\x80\xa6 https://t.co/Ajzkhbyp6Q',,
2019-11-03 21:12:30,b'Key word \xe2\x80\x9cboyfriend \xe2\x80\x9c not husband so that\xe2\x80\x99s not or stepchild or responsibility yet . She didn\xe2\x80\x99t say the child could\xe2\x80\xa6 https://t.co/vILshir8MT',,
2019-11-03 21:11:32,"b'#RT @siempreconcuba: Integration, Key Word at the Anti-Imperialist Meeting https://t.co/qFgis8TVI3 https://t.co/LVvWVhMHKU'",,
2019-11-03 21:10:35,b'@JimIrsay @Colts can we please now talk about the elephant in the room? AV was great key word WAS! How may more gam\xe2\x80\xa6 https://t.co/HxKPQNR9v4',,
2019-11-03 21:10:31,"b'@sxsw50 @lobster_dog @TheProductDS That\'s THE KEY word ""solidarity.""  To get everyone on board is NOT easy.'",,
2019-11-03 21:10:10,b'@realDonaldTrump Key word is majority.',,
2019-11-03 21:10:02,b'@benjamintenor @RugbySaleSharks @RugbySaracens @Siya_Kolisi @Saracens @Pienaar @JohnSmit123 @Springboks\xe2\x80\xa6 https://t.co/13yDYy8acG',"Place(_api=<tweepy.api.API object at 0x1184a9470>, id='6a779d5cb7e570e8', url='https://api.twitter.com/1.1/geo/id/6a779d5cb7e570e8.json', place_type='city', name='Chelmsford', full_name='Chelmsford, East', country_code='GB', country='United Kingdom', contained_within=[], bounding_box=BoundingBox(_api=<tweepy.api.API object at 0x1184a9470>, type='Polygon', coordinates=[[[0.435659, 51.698636], [0.521299, 51.698636], [0.521299, 51.78115], [0.435659, 51.78115]]]), attributes={})",
2019-11-03 21:09:55,"b'RT @siempreconcuba: Integration, Key Word at the Anti-Imperialist Meeting https://t.co/pWfRAH9E4Q https://t.co/0KsrmFkpuQ'",,
2019-11-03 21:09:40,"b'Integration, Key Word at the Anti-Imperialist Meeting https://t.co/grJXY9O0gJ https://t.co/jeHuXR3aQA'",,
2019-11-03 21:09:38,"b'Integration, Key Word at the Anti-Imperialist Meeting https://t.co/pWfRAH9E4Q https://t.co/0KsrmFkpuQ'",,
2019-11-03 21:09:24,"b'@shadowconn @WittyMystic @taranealewriter The key word, in that is ""their"" time.  Some people don\'t care about usin\xe2\x80\xa6 https://t.co/BZeYEzsTFl'",,
2019-11-03 21:08:54,"b'Yes, ""Majority"" being the key word here and don\'t you ever fucking forget it! \n\nFirst we are going to Impeach you a\xe2\x80\xa6 https://t.co/1mcK7cdU0V'",,
2019-11-03 21:08:11,b'@rosadona _looks up German word for the feeling that is glad and also low key burned_',,
2019-11-03 21:07:55,b'Search key word from published Post 2019-11-03 21:07:25',,
2019-11-03 21:06:58,b'@duncanaitken @haamfish @KiwiEV key word \xe2\x80\x98might\xe2\x80\x99 if it was a leaf not a BMW.',,
2019-11-03 21:06:55,b'@cinco_toki There\xe2\x80\x99s the key word: battling. He\xe2\x80\x99s unafraid. The kid takes risks. I love that about Reyna. He\xe2\x80\x99s got a\xe2\x80\xa6 https://t.co/xV3sONQClK',,
2019-11-03 21:06:54,b'RT @JamieLloydCo: \xe2\x8f\xb1 First \xc2\xa315 ticket release for #CyranoWestEnd starring James McAvoy is at MIDDAY TOMORROW (Monday)\n\n\xf0\x9f\x8e\x9f Bookable only via h\xe2\x80\xa6',,
2019-11-03 21:06:41,b'RT @JamieLloydCo: \xe2\x8f\xb1 First \xc2\xa315 ticket release for #CyranoWestEnd starring James McAvoy is at MIDDAY TOMORROW (Monday)\n\n\xf0\x9f\x8e\x9f Bookable only via h\xe2\x80\xa6',,
2019-11-03 21:05:58,b'@Eagles @UnibetUS Da is da key word',,
2019-11-03 21:04:52,"b'@JoelOsteen evil spirits or to the kingdom of darkness. Knowing who your true enemy is, is key.  Your enemy is not\xe2\x80\xa6 https://t.co/XTUYQg78cb'","Place(_api=<tweepy.api.API object at 0x1184a9470>, id='01d67bc136273244', url='https://api.twitter.com/1.1/geo/id/01d67bc136273244.json', place_type='admin', name='Mashonaland West', full_name='Mashonaland West, Zimbabwe', country_code='ZW', country='Zimbabwe', contained_within=[], bounding_box=BoundingBox(_api=<tweepy.api.API object at 0x1184a9470>, type='Polygon', coordinates=[[[28.0272089, -18.9055702], [30.9743633, -18.9055702], [30.9743633, -15.6093431], [28.0272089, -15.6093431]]]), attributes={})",
2019-11-03 21:04:21,b'RT @JamieLloydCo: \xe2\x8f\xb1 First \xc2\xa315 ticket release for #CyranoWestEnd starring James McAvoy is at MIDDAY TOMORROW (Monday)\n\n\xf0\x9f\x8e\x9f Bookable only via h\xe2\x80\xa6',,
2019-11-03 21:04:13,b'RT @tiaajonesss: @miniminter key word \xe2\x80\x9cmy friend\xe2\x80\x9d',,
2019-11-03 21:03:58,b'Search key word from published Post 2019-11-03 21:03:50',,
2019-11-03 21:02:59,"b'RT @Maximilian1941: Understanding what deception is being implemented by team Bergoglio, you realise somehow Barron for yrs thru Word on Fi\xe2\x80\xa6'",,
2019-11-03 21:01:52,b'@realDonaldTrump Key word majority. Your the looser!',,
2019-11-03 21:00:30,"b'@shaylovesari @ArianaGrande key word ""apparently"". i agree you like i said i\'d be fine with just the first one'",,
2019-11-03 21:00:06,"b""@socalSMJ Maybe I'm just an idealist but it seems to me that the insurer should be responsible for making certain v\xe2\x80\xa6 https://t.co/eOOSYMeMs7""",,
2019-11-03 20:59:28,b'RT @Jennnnnn_x: @Mindy_Geog @_jopayne I did key word a day last year rather than question a day and it worked better (I found) as it was ea\xe2\x80\xa6',,
2019-11-03 20:59:23,b'@RyanLizza I think the key word is \xe2\x80\x9chigher\xe2\x80\x9d taxes.',,
2019-11-03 20:58:54,b'@realDonaldTrump @OANN @PearsonSharp Key word: INCREDIBLE.\nAt least he got that part right.',,
2019-11-03 20:58:25,b'Key word is engaging https://t.co/PCbtfqX4VP',,
2019-11-03 20:58:07,b'@Russellmania621 Key word \xe2\x80\x9cobviously\xe2\x80\x9d lol obvious to rest of world is not obvious to that organization',,
2019-11-03 20:57:04,b'@TheGreatKingSIR Key word bf. He can pay.',,
2019-11-03 20:56:48,b'@Mindy_Geog @_jopayne I did key word a day last year rather than question a day and it worked better (I found) as i\xe2\x80\xa6 https://t.co/LESJVjfPSb',,
2019-11-03 20:56:15,b'RT @JamieLloydCo: \xe2\x8f\xb1 First \xc2\xa315 ticket release for #CyranoWestEnd starring James McAvoy is at MIDDAY TOMORROW (Monday)\n\n\xf0\x9f\x8e\x9f Bookable only via h\xe2\x80\xa6',,
2019-11-03 20:55:41,b'I think I want to make more female friends .... key word THINK\xf0\x9f\x98\x82 because all my friends are guys \xf0\x9f\xa4\xa6\xf0\x9f\x8f\xbe\xe2\x80\x8d\xe2\x99\x80\xef\xb8\x8f',,
2019-11-03 20:55:03,"b'Word of the day: SAW, - from Y1 key words list AW/AU https://t.co/eE76cle4ok Spell, Create, Share!\xe2\x80\xa6 https://t.co/XAlw9VOuKR'",,
2019-11-03 20:54:51,"b""That ball was over everyone's heads. Should be an easy overturn. Key word on should. #Steelers""",,
2019-11-03 20:54:43,b'@realDonaldTrump \xe2\x80\x9cMajority\xe2\x80\x9d is the key word in this sentence fragment..',,
2019-11-03 20:53:23,"b'me in 2010: he-\nme in 2020: INVEST IN BITCOIN YOU FUCKING IMBECILE. GET AT LEAST 100,000+ BITCOIN AND STORE THEM SO\xe2\x80\xa6 https://t.co/ExkRmkwe1Q'",,
2019-11-03 20:53:19,b'RT @JamieLloydCo: \xe2\x8f\xb1 First \xc2\xa315 ticket release for #CyranoWestEnd starring James McAvoy is at MIDDAY TOMORROW (Monday)\n\n\xf0\x9f\x8e\x9f Bookable only via h\xe2\x80\xa6',,
2019-11-03 20:52:06,b'RT @JamieLloydCo: \xe2\x8f\xb1 First \xc2\xa315 ticket release for #CyranoWestEnd starring James McAvoy is at MIDDAY TOMORROW (Monday)\n\n\xf0\x9f\x8e\x9f Bookable only via h\xe2\x80\xa6',,
2019-11-03 20:51:27,b'@DrAnneMurphy @DrLindaDykes @jfdwolff @EmergMedDr The key is in the word \xe2\x80\x9cemergency\xe2\x80\x9d. Genuine emergency and not just pitching up in A&amp;E.',,
2019-11-03 20:49:20,"b'@realDonaldTrump Key word...MAJORITY! The majority spoke in 2016, but the outdated, heavily skewed, electoral college saved your butt'",,
2019-11-03 20:48:22,"b""@NnamdiAkaeme @I_amarnold We can't force our kids to see God's love we can only guide them through the scriptures t\xe2\x80\xa6 https://t.co/Q9VBRw7wDQ""",,
2019-11-03 20:48:02,"b'RT @Maximilian1941: Understanding what deception is being implemented by team Bergoglio, you realise somehow Barron for yrs thru Word on Fi\xe2\x80\xa6'",,
2019-11-03 20:47:31,b'Key word on favorite lol cause if ion wanna talk to you ima decline https://t.co/qPZBpzOHs2',,
2019-11-03 20:46:22,"b'Understanding what deception is being implemented by team Bergoglio, you realise somehow Barron for yrs thru Word o\xe2\x80\xa6 https://t.co/roAKjkTEZM'",,
2019-11-03 20:45:26,b'@softbrat666 \n\xe2\x9c\xb0 first impression: i high key don\xe2\x80\x99t remember thorry\xf0\x9f\x98\x94\n\xe2\x9c\xb0 your nickname in my head: baby bc it\xe2\x80\x99s it\xe2\x80\x99s u\xe2\x80\xa6 https://t.co/BytEeSD3D7',,
2019-11-03 20:45:09,b'@shaunmolomo @Mulwelimuofhe @SaskiaChummie Key word = was* \xf0\x9f\x98\xad\xf0\x9f\x98\xad\xf0\x9f\x98\xad\xf0\x9f\xa4\xa3\xf0\x9f\xa4\xa3\xf0\x9f\xa4\xa3',,
2019-11-03 20:44:49,"b'@ZenOfDesign @DannobotGames @rianjohnson I think you can argue that Luke did a selective reading of the texts, beca\xe2\x80\xa6 https://t.co/wGLjdIP5cR'",,
2019-11-03 20:43:29,b'@realDonaldTrump key word there sweetheart.  MAJORITY',,
2019-11-03 20:43:04,b'@frmiscult @markIuvv @ilsansqueen Key word: when I \xe2\x80\x9cWAS\xe2\x80\x9d You aren\xe2\x80\x99t anymore so you have no right to comment on how\xe2\x80\xa6 https://t.co/uPh6sOpRUo',,
2019-11-03 20:42:39,b'RT @UnDerTaQer_16: Key word: ADMINSTRATION!!! https://t.co/KVEaOhpOVu',,
2019-11-03 20:41:38,b'Key word: ADMINSTRATION!!! https://t.co/KVEaOhpOVu',,
2019-11-03 20:40:40,"b'@realDonaldTrump Key word, *Majority*. \nWho will be sending your ass to Florida a lot sooner than you expected.'",,
2019-11-03 20:40:36,b'@gaza380 @DanGilm77891588 @jeremycorbyn i think the key word missing from your final sentence is \xe2\x80\x98some\xe2\x80\x99. and really\xe2\x80\xa6 https://t.co/jYPXV2fEFv',,
2019-11-03 20:39:42,"b'@RyanAFournier How can there be 40,00 real people that like this tweet? I guess the key word is \xe2\x80\x9creal \xe2\x80\x9c.'",,
2019-11-03 20:38:28,b'gay people literally get a whole month and veterans get one fucking day. and it\xe2\x80\x99s still tried to be made about sexu\xe2\x80\xa6 https://t.co/AtVutQ9MvV',,
2019-11-03 20:37:53,b'RT @JamieLloydCo: \xe2\x8f\xb1 First \xc2\xa315 ticket release for #CyranoWestEnd starring James McAvoy is at MIDDAY TOMORROW (Monday)\n\n\xf0\x9f\x8e\x9f Bookable only via h\xe2\x80\xa6',,
2019-11-03 20:37:35,b'@jordynmichele_ @BstylezsOrleans Key word \xe2\x80\x9c use \xe2\x80\x9c',,
2019-11-03 20:37:26,b'@realDonaldTrump Majority being the key word you treasonous fraud.',,
2019-11-03 20:34:37,"b'RT @shbups: \xe2\x80\x9cnct taeil\xe2\x80\x99s cover of \xe2\x80\x98baby baby\xe2\x80\x99. when you hear taeil singing, you think of the word \xe2\x80\x98effortless\xe2\x80\x99. he is natural, doesn\xe2\x80\x99t use\xe2\x80\xa6'",,
2019-11-03 20:34:37,b'RT @jihyoskatara: jeffree star said he wanted to throw battery acid on a black womans face to make her skin lighter. shane dawson did black\xe2\x80\xa6',,
2019-11-03 20:34:13,b'The key word is EQUALLY. It\xe2\x80\x99s still mean to laugh but should they be mad at you at the same LEVEL as the person who made the joke.',,
2019-11-03 20:31:23,b'@DatzDimDim @sbell021 Key word is almost.',,
2019-11-03 20:31:15,"b'RT @ISU_Figure: \xf0\x9f\x8e\x99 Yuzuru Hanyu took a personal win in Skate Canada, and felt good about his skating. The key word in his interview was ""mor\xe2\x80\xa6'",,
2019-11-03 20:31:06,"b'The key word is ""Be Kind"" https://t.co/c2TLXrFJw8'",,
2019-11-03 20:29:12,"b'@kenyasbaek key word ""almost""'",,
2019-11-03 20:28:53,"b""And bruh I ain't nowhere near perfect I'm barely movin I definitely don't have it....YET lol but the key word is a\xe2\x80\xa6 https://t.co/x2hGosP6AM""",,
2019-11-03 20:28:39,b'RT @_DimplesNCurls: y\xe2\x80\x99all see that key word? \xe2\x80\x9ceducate\xe2\x80\x9d not belittle. https://t.co/4RBZAfSqa4',,
2019-11-03 20:28:35,"b'RT @RyansockVEVO: @CrimsonRyderLX @norrmiecranch Exactly, *genuine* being the key word. Richard and his stories are/were a labour of love,\xe2\x80\xa6'",,
2019-11-03 20:27:58,"b'@realDonaldTrump The key word here, @realDonaldTrump, is MAJORITY! The majority of Americans do not like you!'",,
2019-11-03 20:26:20,b'@Nicole22662 Key word is \xe2\x80\x9cshould\xe2\x80\x9d',,
2019-11-03 20:26:12,b'Key word is patiently https://t.co/M7rACEPSDl',,
2019-11-03 20:25:42,"b""I think for clearing searches, you need to actually search the key word, not tweet, that's just spam""",,
2019-11-03 20:25:08,"b'@realDonaldTrump Majority is the key word. Not just the House, but the entire country.'",,
2019-11-03 20:25:00,b'@JustmeElc @NateDiaz209 You\xe2\x80\x99re being the key word \xf0\x9f\x98\x82',,
2019-11-03 20:24:42,b'RT @JamieLloydCo: \xe2\x8f\xb1 First \xc2\xa315 ticket release for #CyranoWestEnd starring James McAvoy is at MIDDAY TOMORROW (Monday)\n\n\xf0\x9f\x8e\x9f Bookable only via h\xe2\x80\xa6',,
2019-11-03 20:23:28,b'FAITH is the key word.\xf0\x9f\xa4\xaf\xf0\x9f\x97\x9d\xef\xb8\x8f',,
2019-11-03 20:23:24,b'RT @JamieLloydCo: \xe2\x8f\xb1 First \xc2\xa315 ticket release for #CyranoWestEnd starring James McAvoy is at MIDDAY TOMORROW (Monday)\n\n\xf0\x9f\x8e\x9f Bookable only via h\xe2\x80\xa6',,
2019-11-03 20:22:54,b'@sarkodie word ol gee... purpose is key',,
2019-11-03 20:22:49,b'RT @JamieLloydCo: \xe2\x8f\xb1 First \xc2\xa315 ticket release for #CyranoWestEnd starring James McAvoy is at MIDDAY TOMORROW (Monday)\n\n\xf0\x9f\x8e\x9f Bookable only via h\xe2\x80\xa6',,
2019-11-03 20:22:24,"b'@KingThings_ @NBA2K @Beluba @LD2K Bruh, you ever heard of 2klabs? Lol obviously not so I\xe2\x80\x99ll drop some knowledge on\xe2\x80\xa6 https://t.co/RdhTszhLKm'",,
2019-11-03 20:20:55,b'RT @Sabri_gues: Guys we need a key word to make it trend in the plataforms (Nave;r and Nat;e) which his name is the last in the top(10) so\xe2\x80\xa6',,
2019-11-03 20:19:55,"b'@realDonaldTrump Majority is the key word. When you think you are right but the world is wrong, you are probably wrong.'",,
2019-11-03 20:19:40,b'@NOYB1944 @realDonaldTrump The key word there is \xe2\x80\x9cthink\xe2\x80\x9d \xf0\x9f\x98\x82\xf0\x9f\x98\x82',,
2019-11-03 20:18:58,b'RT @JamieLloydCo: \xe2\x8f\xb1 First \xc2\xa315 ticket release for #CyranoWestEnd starring James McAvoy is at MIDDAY TOMORROW (Monday)\n\n\xf0\x9f\x8e\x9f Bookable only via h\xe2\x80\xa6',,
2019-11-03 20:18:02,"b'@thehill Key word is ""some"". Thousands will simply be out of work. For vulnerable workers over 40, 50 or 60 trying\xe2\x80\xa6 https://t.co/llNSkGvTKp'",,
2019-11-03 20:17:08,b'My reading abilities are kind of alright in english but the use of english? When I have to do key word transformati\xe2\x80\xa6 https://t.co/tjvzbZa6oh',,
2019-11-03 20:16:40,"b'God dont forget those who persecute his own. Key word- ""BELOVED"" https://t.co/Dd0JAVfDwG'",,
2019-11-03 20:16:11,"b""RT @Revolut60707203: I would like to share with you the urging letters that I've sent to organisations but so far I only manage to add scre\xe2\x80\xa6""",,
2019-11-03 20:15:35,b'RT @JamieLloydCo: \xe2\x8f\xb1 First \xc2\xa315 ticket release for #CyranoWestEnd starring James McAvoy is at MIDDAY TOMORROW (Monday)\n\n\xf0\x9f\x8e\x9f Bookable only via h\xe2\x80\xa6',,
2019-11-03 20:15:29,b'RT @JamieLloydCo: \xe2\x8f\xb1 First \xc2\xa315 ticket release for #CyranoWestEnd starring James McAvoy is at MIDDAY TOMORROW (Monday)\n\n\xf0\x9f\x8e\x9f Bookable only via h\xe2\x80\xa6',,
2019-11-03 20:14:03,b'RT @Sabri_gues: Guys we need a key word to make it trend in the plataforms (Nave;r and Nat;e) which his name is the last in the top(10) so\xe2\x80\xa6',,
2019-11-03 20:13:47,b'RT @Sabri_gues: Guys we need a key word to make it trend in the plataforms (Nave;r and Nat;e) which his name is the last in the top(10) so\xe2\x80\xa6',,
2019-11-03 20:13:12,b'@5Quint @HRMFireNews Key word = behind',,
2019-11-03 20:12:08,b'@Browns @bakermayfield The second half of the season should be good.  Key word is should and hell im struggling to\xe2\x80\xa6 https://t.co/hOh0DVZc8b',,
2019-11-03 20:12:06,"b""@HanianEmpress @62WalterP @GOP Just Can't Allow Him To Threaten / Dictate ! \nEmpress\xf0\x9f\x91\x91\xf0\x9f\x8c\xb9\nSometimes We Have To Lose To\xe2\x80\xa6 https://t.co/Jd1SjUpIgi""",,
2019-11-03 20:10:54,"b'RT @TonniGold: Doors don\xe2\x80\x99t answer to familiarity, they answer to keys. A key you don\xe2\x80\x99t have is a door you\xe2\x80\x99ll never open. \n\nGet the keys of\xe2\x80\xa6'",,
2019-11-03 20:10:13,b'@cruisejack4 @DeniseTut @JoJoFromJerz @maggieNYT Key word... AGAIN.. it\xe2\x80\x99s actually pretty funny to watch. They have been at it for 3yrs',,
2019-11-03 20:09:55,"b""RT @AfNino: Definition of 'Sport':\n\n- 'An activity involving physical exertion and skill in which an individual or team competes against an\xe2\x80\xa6""",,
2019-11-03 20:09:52,"b'Doors don\xe2\x80\x99t answer to familiarity, they answer to keys. A key you don\xe2\x80\x99t have is a door you\xe2\x80\x99ll never open. \n\nGet the\xe2\x80\xa6 https://t.co/9QAAesmQE7'",,
2019-11-03 20:09:34,"b""@realDonaldTrump Key word 'majority'. nuf said.""",,
2019-11-03 20:09:08,"b'@CalfHighTan @Dameshek Key word ""BACKUP""'",,
2019-11-03 20:09:06,"b""@eyitayofelix @GbengaWemimo Yes Sir, that's the key word""",,
2019-11-03 20:08:07,b'@ksatnews Ppl forget about the key word before wild animals....... WILD.',,
2019-11-03 20:07:18,b'@Finny__ Key word being joke. All subjects can be joked about :)',,
2019-11-03 20:05:36,b'RT @JamieLloydCo: \xe2\x8f\xb1 First \xc2\xa315 ticket release for #CyranoWestEnd starring James McAvoy is at MIDDAY TOMORROW (Monday)\n\n\xf0\x9f\x8e\x9f Bookable only via h\xe2\x80\xa6',,
2019-11-03 20:05:35,"b'@SneakyAthletic_ @iJordanMoore Key word: ""open""'",,
